fire_id,incident_name,county,location,longitude,latitude,acres_burned,start_date,extinguished_date,duration(days)
1001,Panther Fire,Tehama,"140K3 Line, 8 miles northwest of Butte Meadows",-121.595555,40.190062,6896.0,2013-05-01,2013-05-09,8
1002,Summit Fire,Riverside,Mias Canyon and Bluff Road in Banning,-116.94131100000001,34.288877,2956.0,2013-05-01,2013-05-04,3
1003,Grand Fire,"Kern, Ventura","South of Frazier Mountain Park Rd, South of Frazier Park",-118.9411,34.7861,4346.0,2013-05-15,2013-05-21,6
1004,San Felipe Fire,San Diego,"San Felipe Road, north of Highway 78, East of Julian",-116.52578999999999,33.121109999999994,2650.0,2013-05-23,2013-05-26,3
1005,General Fire,San Diego,"Banner Grade area, south of Hwy 78 & east of Hwy 79, southeast of Julian",-116.5209,33.044579999999996,2500.0,2013-05-26,2013-05-31,5
1006,White Fire,Santa Barbara,"Southeast of Lake Cachuma, approx. 12 miles southeast of Santa Ynez",-119.82428999999999,34.55048,1984.0,2013-05-27,2013-05-30,3
1007,Powerhouse Fire,Los Angeles,Angeles National Forest,-118.423176,34.585595,30274.0,2013-05-30,2013-06-08,9
1008,Carstens Fire,Mariposa,"Off Carstens Road, east of 140 in the Midpines area.",-119.91071000000001,37.58202,1708.0,2013-06-16,2013-06-26,10
1009,Chariot Fire,San Diego,"off Sunrise Hwy, 9 miles southeast of Julian",-116.47381000000001,32.95435,7055.0,2013-07-06,2013-07-15,9
1010,Mountain Fire,Riverside,Hwy 243 & Hwy 74 near Mountain Center,-116.72885,33.7095,27531.0,2013-07-15,2013-07-30,15
1011,Aspen Fire,Fresno,Seven miles north of Big Creek,-119.318,37.279,22992.0,2013-07-22,2013-09-24,64
1012,Salmon River Complex,Siskiyou,"North Fork of the Salmon River, West of Sawyers Bar, Klamath National Forest",-123.176,41.32,14754.0,2013-07-31,2013-08-31,31
1013,Power Fire,Tuolumne,"Near Beardsley Lake, northeast of Sonora",-120.02778,38.25108,1070.0,2013-08-05,2013-08-14,9
1014,Falls Fire,Riverside,"Ortega Highway, west of Lake Elsinoire",-117.40288000000001,33.62236,1383.0,2013-08-05,2013-08-09,4
1015,Silver Fire,Riverside,"Poppet Flats Rd near Hwy 243, south of Banning",-116.90427,33.86157,20292.0,2013-08-07,2013-08-12,5
1016,Corral Complex,Humboldt,Tish Tang Ridge east of Hoopa Valley Reservation,-123.488,41.035,12503.0,2013-08-10,2013-08-12,2
1017,Swedes Fire,Butte,southeast of Oroville,-121.38236,39.446267999999996,2264.0,2013-08-16,2013-08-22,6
1018,American Fire,Placer,"Deadwood Ridge, northeast of Foresthill",-120.65,39.12,27440.0,2013-08-10,2013-08-30,20
1019,Clover Fire,Shasta,"Community of Igo, 10 miles southwest of Redding",-122.535496,40.498332,8073.0,2013-09-09,2013-09-15,6
1020,Deer Fire,Tehama,"Near Deer Creek, 12 miles east of Los Molinos. ",-121.85396999999999,40.042629999999996,11429.0,2013-08-23,2013-08-29,6
1021,Fish Fire,Tulare,Golden Trout Wilderness on the Sequoia National Forest.,-118.444,36.208,2060.0,2013-08-24,2013-09-24,31
1022,Morgan Fire,Contra Costa,"off Morgan Territory Road, Southeast of Clayton",-121.88258200000001,37.90757,3111.0,2013-09-08,2013-09-14,6
1023,Rim Fire,Tuolumne,3 miles east of Groveland along Hwy 120,-120.086,37.857,257314.0,2013-08-17,2013-09-06,20
1024,DeLuz Fire,San Diego,"On Camp Pendleton, west of Fallbrook",-117.3092,33.341,2236.0,2013-10-05,2013-10-09,4
1025,McCabe Fire,Sonoma,"The Geysers area, 10 miles northeast of Geyserville",-122.8498,38.8167,3505.0,2013-11-22,2013-11-27,5
1026,Colby Fire,Los Angeles,"near Morris Reservoir, north of Glendora",-117.8816,34.1703,1952.0,2014-01-16,2014-01-27,11
1027,Etiwanda Fire,San Bernardino,North of Rancho Cucamonga,-117.547374,34.169346000000004,2143.0,2014-04-30,2014-05-05,5
1028,Bernardo Fire,San Diego,"off Nighthawk Lane, southwest of Rancho Bernardo",-117.133,33.003,1548.0,2014-05-13,2014-05-17,4
1029,Tomahawk Fire,San Diego,"Traveled from Naval Weapons Station, Fallbrook and is now on Camp Pendleton ",-117.28488899999999,33.3529,5367.0,2014-05-14,2014-05-19,5
1030,San Mateo Fire,San Diego,in the Talega area of Marine Corps Base Camp Pendleton,-117.55056699999999,33.417572,1457.0,2014-05-16,2014-05-20,4
1031,Cocos Fire,San Diego,"Village Drive and Twin Oaks Road, San Marcos",-117.1599,33.1137,1995.0,2014-05-14,2014-05-22,8
1032,Shirley Fire,Kern,3 Miles south of Shirley Meadows,-118.555527,35.70683,3895.0,2014-06-13,2014-06-20,7
1033,Butts Fire,"Napa, Lake","Off Butts Canyon Rd in Pope Valley, northwest of Lake Berryessa",-122.454,38.664,4300.0,2014-07-01,2014-07-09,8
1034,Bully Fire,Shasta,"Plantina Road at Bland Road, Igo",-122.75078799999999,40.4314,12661.0,2014-07-11,2014-07-26,15
1035,Monticello Fire,Yolo,"Hwy 128 at Monticello Dam, southeast shore of Lake Berryessa ",-122.104,38.512,6488.0,2014-07-04,2014-07-12,8
1036,Gulch Fire,Modoc,"Off highway 139, 15 miles north of Canby - The fire is burning on the east side of Hwy 139",-120.904,41.489,1469.0,2014-07-03,2014-07-07,4
1037,Modoc Lightning Complex,Modoc,15 fires across the Modoc National Forest,-120.79,41.89,1651.0,2014-07-01,2014-07-03,2
1038,Nicolls Fire ,Kern,Kelso Valley/Onyx area,-118.15,35.641999999999996,1680.0,2014-07-11,2014-07-21,10
1039,Sand Fire,"Amador, El Dorado","East of Highway 49, 5 miles north of Plymouth",-120.7819,38.5691,4240.0,2014-07-25,2014-08-02,8
1040,Bald Fire,Shasta,8 miles southeast of Fall River Mills,-121.368,40.900999999999996,39736.0,2014-07-30,2014-08-15,16
1041,Day Fire,Modoc,North of the community of Day,-121.2144,41.1336,13153.0,2014-07-30,2014-08-13,14
1042,Oregon Gulch Fire (part of the Beaver Complex),Siskiyou,"Community of Copco, South of Oregon Border",-122.345,42.048,35302.0,2014-07-30,2014-08-18,19
1043,Eiler Fire,Shasta,12 miles southeast of Burney near Old Station,-121.56200000000001,40.72,32416.0,2014-07-31,2014-08-25,25
1044,Coffee Fire,Shasta,East Fork of the Coffee Creek Drainage,-122.805,41.141000000000005,6258.0,2014-07-30,2014-11-14,107
1045,Little Deer Fire,Siskiyou,near Little Deer Mountain along Highway 97,-122.12700000000001,41.681999999999995,5503.0,2014-07-31,2014-08-18,18
1046,Way Fire,Kern,"north side of Hwy 155, northwest of Wofford Heights",-118.4747,35.7206,4045.0,2014-08-18,2014-08-27,9
1047,Gulch Fire,Shasta,"On Backbone Ridge, east of Bella Vista, 15 miles northeast of Redding",-122.171,40.7101,1375.0,2014-09-10,2014-09-16,6
1048,King Fire,El Dorado,Near Pollock Pines,-120.62971399999999,38.805437,97717.0,2014-09-13,2014-10-09,26
1049,Highway Fire,Riverside,at Hwy 71/Hwy 91 near the Prado Basin,-117.64275900000001,33.884313,1049.0,2015-04-18,2015-04-24,6
1050,Saddle Fire ,Trinity,4 miles northwest of Hyampom,-123.16799999999999,40.924,1542.0,2015-06-10,2015-06-29,19
1051,Lake Fire,San Bernardino,"Off Hwy 38, south of Big Bear Lake",-116.89277779999999,34.16027778,31359.0,2015-06-17,2015-08-01,45
1052,North Fire,San Bernardino,"off Interstate 15, south of Oaks Hills, in the Cajon Pass area",-117.478,34.339,4250.0,2015-07-17,2015-07-21,4
1053,Wragg Fire,Napa,"Off of Hwy 128 near Greaves Rd, Lake Berryessa",-122.1145,38.4994,8051.0,2015-07-22,2015-08-05,14
1054,Lowell Fire,Nevada,In the Steep Hollow drainage west of Alta,-120.88231299999998,39.192088,2304.0,2015-07-25,2015-08-12,18
1055,Willow Fire,Madera,"off of Willow Canyon Drive and Road 274, southeast of Bass Lake",-119.50013999999999,37.279722,5702.0,2015-07-25,2015-08-13,19
1056,Cabin Fire,Tulare,"Golden Trout Wilderness, Sequoia National Forest",-118.54,36.24,6980.0,2015-07-19,2015-09-05,48
1057,Rocky Fire,Lake,"near Morgan Valley Road and Rocky Creek Road, east of Clear Lake",-122.47624750000001,38.886353799999995,69636.0,2015-07-29,2015-08-14,16
1058,Frog Fire,Modoc,SW of Lava Campground,-121.39200000000001,41.398999999999994,4863.0,2015-07-30,2015-07-31,1
1059,Dodge Fire,Lassen,17 miles northeast of Ravendale,-120.105,40.938,10570.0,2015-08-03,2015-08-04,1
1060,Jerusalem Fire,"Lake, Napa","Jerusalem Valley area, northeast of Middletown",-122.48673190000001,38.8142503,25118.0,2015-08-09,2015-08-25,16
1061,Cuesta Fire,San Luis Obispo,"Off Highway 101 in the Cuesta Grade, north of San Luis Obispo",-120.6269,35.3477,2446.0,2015-08-16,2015-08-28,12
1062,Tesla Fire,Alameda,"off Tesla Rd near Correl Hollow, between Livermore and Tracy",-121.3732,37.3845,2850.0,2015-08-19,2015-08-22,3
1063,Butte Fire,Butte,east of Jackson,-120.70418000000001,38.32974,70868.0,2015-09-09,2015-10-15,36
1064,Lumpkin Fire,Butte,"off Lumpkin Road and Forbestown Road, Robinson Mill",-121.3363,39.5218,1040.0,2015-09-11,2015-09-17,6
1065,Rough Fire ,Fresno,5 miles North of Hume Lake and 2.5 miles to the southwest of Spanish Mountain 5,-118.905,36.874,151623.0,2015-07-31,2015-11-09,101
1066,Tassajara Fire,Monterey,Tassajara Rd at Carmel Valley Rd,-121.589554,36.3699644,1086.0,2015-09-19,2015-09-27,8
1067,Metz Fire,Monterey,"Metz Rd & Blue Jay Ln, southeast of Soledad",-121.20058999999999,36.38123,3876.0,2016-05-22,2016-05-25,3
1068,Coleman Fire,Monterey,off Mission Creek Rd and Milpitas Rd north of Fort Hunter Liggett,-121.25028999999999,36.01542,2520.0,2016-06-04,2016-06-20,16
1069,Border Fire,San Diego,off Highway 188 and Highway 94 near Tecate,-116.63028,32.60729,7609.0,2016-06-19,2016-06-30,11
1070,Pony Fire,Siskiyou,15 miles SW of Happy Camp (Siskiyou County),-123.557,41.623000000000005,2860.0,2016-06-07,2016-11-08,154
1071,Sherpa Fire,Santa Barbara,west of Goleta,-119.64299999999999,34.775999999999996,7474.0,2016-06-15,2016-07-12,27
1072,Erskine Fire,Kern,Off Erskine Creek Rd in Lake Isabella,-118.45628,35.6115,48019.0,2016-06-23,2016-07-11,18
1073,Dinosaur Fire,Merced,"Off Hwy152 at Dinosaur Point, westside of San Luis Reservoir ",-121.20155,37.07147,1246.0,2016-06-25,2016-06-26,1
1074,Trailhead Fire,"El Dorado, Placer",along the  Middle Fork of the American River near Todd Valley,-120.9375,38.96741,5645.0,2016-06-28,2016-07-18,20
1075,Sage Fire,Los Angeles,"off of Calgrove Blvd, southwest of Santa Clarita",-118.57245,34.36763,1100.0,2016-07-09,2016-07-16,7
1076,Deer Fire,Kern,"Hwy 223 & Deertrail Rd., east of Arvin",-118.72272,35.20993,1785.0,2016-07-01,2016-07-08,7
1077,Pine Fire,Ventura,"Near Haddock Campground, 3 miles west of the Pine Mtn Lodge, above Middle Sespe.",-119.14399999999999,34.701,2304.0,2016-06-30,2016-06-30,0
1078,Curry Fire,Fresno,"Curry Mountain, 7 miles SW of Coalinga",-120.452041,36.0749,2944.0,2016-07-01,2016-07-05,4
1079,Goose Fire,Fresno,"Off Gooseberry Ln & Morgan Canyon, south of Prather ",-119.50506999999999,37.01591,2241.0,2016-07-30,2016-08-09,10
1080,Roblar Fire,San Diego,Roblar Rd and Case Springs (Camp Pendleton),-117.35093,33.393,1245.0,2016-07-21,2016-07-30,9
1081,Soberanes Fire,Monterey,"Soberanes Creek, Garrapata State Park, Palo Colorado, north of Big Sur",-121.89938000000001,36.45994,132127.0,2016-07-22,2016-10-13,83
1082,Cold Fire,Yolo,"off of Highway 128 west of Pleasants Valley Road, west of Winters",-122.06788,38.52513,5731.0,2016-08-02,2016-08-12,10
1083,Pilot Fire,San Bernardino,"Pilot Rock & Hwy 138, southeast of Hesperia",-117.27338,34.28771,8110.0,2016-08-07,2016-08-16,9
1084,Mineral Fire,Fresno,"off Hwy 198 & Mineral Springs Rd, W of Coalinga",-120.51057,36.099740000000004,7050.0,2016-08-08,2016-08-18,10
1085,Blue Cut Fire,San Bernardino,"off of I-15 and Hwy 138, north of San Bernardino ",-117.49342,34.30372,36274.0,2016-08-16,2016-08-23,7
1086,Chimney Fire,San Luis Obispo,Running Deer Rd & Chimney Rock Rd south of Lake Nacimiento ,-120.98316000000001,35.70595,46235.0,2016-08-13,2016-09-06,24
1087,Clayton Fire,Lake,off Hwy 29 and Clayton Creek south of Lower Lake,-122.60663999999998,38.89741,3929.0,2016-08-13,2016-08-26,13
1088,Cedar Fire,Kern,"off of Hwy 155 in the Greenhorn Mountains, west of Wofford Heights",-118.5678,35.7506,29322.0,2016-08-16,2016-10-01,46
1089,Gap Fire,Siskiyou,"off Seiad Creek Rd, 5 miles northeast o Seiad Valley",-123.118,41.851000000000006,33867.0,2016-08-27,2016-08-28,1
1090,Willard Fire,Lassen,"off of Willard Creek Road, west of Susanville",-120.7845,40.3915,2575.0,2016-09-11,2016-09-22,11
1091,Owens River Fire,Inyo,"Clark Canyon, north of Mammoth Lakes, east of Hwy 395",-118.95308999999999,37.75985,5443.0,2016-09-17,2016-09-18,1
1092,Soup Complex,Modoc,"Soup Springs, 12 miles east of Likely",-120.3178,41.2649,2652.0,2016-09-17,2016-10-13,26
1093,Canyon Fire,Santa Barbara,"Santa Ynez Ridge Road and Egress Road, south side of Vandenberg Air Force Base",-120.54421,34.63445,12518.0,2016-09-17,2016-09-27,10
1094,Marshes Fire,Tuolumne,off Hwy. 49 and Marshes Flat Road north of Don Pedro Reservoir,-120.32484,37.79635,1080.0,2016-09-26,2016-10-04,8
1095,Sawmill Fire,Sonoma,"off Big Geysers Road and Geysers Resort Road, 10 miles east of Cloverdale",-122.82895,38.80017,1547.0,2016-09-25,2016-09-29,4
1096,Loma Fire,Santa Clara,off Loma Prieta Rd and Loma Chiquita Rd 10 miles NW of Morgan Hill,-121.85318000000001,37.106320000000004,4474.0,2016-09-26,2017-09-19,358
1097,Sacata Fire,Fresno,"near Sacata Ridge, located above Pine Flat",-119.25958999999999,36.94536,2100.0,2016-10-11,2016-10-20,9
1098,Marek Fire,Los Angeles,Lake View Terrace,-118.335,34.31,4824.0,2016-11-14,2016-11-14,0
1099,Meadow Fire,Tulare,	East of Trail of 100 Giants between Lloyd Meadow Road and Western Divide Highway.,-118.551,35.984,4347.0,2016-10-29,2016-12-19,51
1100,Jayne Fire,Fresno,Off of Hwy 33 and Lost Hills south of Coalinga,-120.26561000000001,36.07228,4532.0,2017-04-20,2018-01-09,264
1101,Opera Fire,Riverside,"off Opera Loop & East Palmyrita Avenue, in Highgrove ",-117.30693000000001,34.00566,1350.0,2017-04-30,2018-01-09,254
1102,Wright Fire,Merced,"Hwy 152 and Arburura Road, southwest of Los Banos",-120.89261,36.96655,1733.0,2017-05-12,2018-01-09,242
1103,Elm Fire,Fresno,"off of Hwy 198 & Fire Stone, south of Coalinga",-120.37116,36.12089,10000.0,2017-05-18,2018-01-09,236
1104,Gate Fire,San Diego,"off of Hwy 94 and Otay Truck Trail, northwest of Dulzura",-116.80527,32.65597,2056.0,2017-05-20,2018-01-09,234
1105,Range Fire,San Diego, Basilone Road X Las Pulgas Road,-117.39818000000001,33.34988,1000.0,2017-05-25,2018-01-09,229
1106,Oakwood Fire,Madera,"Oakwood Road and Road 406, northeast of Madera",-119.8011,37.0825,1417.0,2017-06-10,2018-01-09,213
1107,Highway Fire,Kern,"Democrat, west of Lake Isabella",-118.66733,35.53456,1522.0,2017-06-18,2018-01-09,205
1108,Holcomb Fire,San Bernardino,"off Highway 18 & Holcomb Valley Rd, east of Big Bear Lake",-116.82600000000001,34.2976,1503.0,2017-06-19,2018-01-09,204
1109,Manzanita Fire,Riverside,"Hwy 79 North, Lambs Canyon south of Dump Road, south of Beaumont",-116.594422,33.530045,6309.0,2017-06-26,2018-01-09,197
1110,Hill Fire,San Luis Obispo,"Park Hill Road and La Entrada, east of Santa Margarita",-120.4992,35.4025,1626.0,2017-06-26,2018-01-09,197
1111,Tarina Fire ,Kern,"Breckenridge Road, 3 miles east of Bakersfield",-118.80123,35.382979999999996,1200.0,2017-06-30,2018-01-09,193
1112,Derrick Fire,Fresno,"off Los Gatos Creek Rd, west of Coalinga",-120.620791,36.269125,1562.0,2017-07-02,2018-01-09,191
1113,Winters Fire,Yolo,"Hwy 128 and Pleasant View Rd, south west of Winters",-122.0251,38.49521,1700.0,2017-07-06,2018-01-09,187
1114,Quail Fire,Kern,off Hwy 65 and Famoso Road east of Famoso,-119.08312,35.59904,1626.0,2017-07-06,2018-01-09,187
1115,Alamo Fire,San Luis Obispo,Off Highway 166 near Twitchell Reservoir,-120.3223,35.0179,28687.0,2017-07-06,2018-01-09,187
1116,Hawk Fire,Kern,"Hwy 155, north of Bakersfield",-118.89627,35.77896,2940.0,2017-07-07,2018-01-09,186
1117,Wall Fire,Butte,"Chinese Wall Rd, north of Bangor",-121.41221999999999,39.453520000000005,6033.0,2017-07-07,2018-01-09,186
1118,Whittier Fire,Santa Barbara,"Lake Cachuma area, south of Hwy 154",-119.9494,34.550959999999996,18430.0,2017-07-08,2018-01-09,185
1119,Orleans Complex,Siskiyou,"About 18 miles northwest of Orleans, California in Siskiyou County.",-123.501,41.59,27276.0,2017-07-26,2018-01-09,167
1120,Parkfield Fire,"Monterey, San Luis Obispo","Vineyard Canyon Rd, west of Parkfield",-120.57893999999999,35.86949,1816.0,2017-07-08,2018-01-09,185
1121,Garza Fire,Kings,"Tar Canyon Road, near Avenal",-120.20013999999999,35.93273,48660.0,2017-07-09,2018-01-09,184
1122,Long Valley Fire,Lassen,"off Hwy 395 and Cowboy Joe Rd, 3 miles north of Doyle",-120.14013,40.07045,83733.0,2017-07-11,2018-01-09,182
1123,Detwiler Fire,Mariposa,"Detwiler Rd and Hunters Valley Rd, 2 miles east of Lake McClure",-120.21321,37.61757,81826.0,2017-07-16,2018-01-09,177
1124,Park Fire,Fresno,"Parkfield Rd and Hwy 198, 7 miles west of Coalinga",-120.55578999999999,35.959109999999995,1649.0,2017-07-17,2018-01-09,176
1125,I-5 Fire,Kings,"off I-5 & Quebec Ave, north of Avenal",-120.05403999999999,36.05187,2312.0,2017-08-24,2018-01-09,138
1126,Hudson Fire,Kern,"Hudson Ranch Rd. and Hwy 166, south of Maricopa",-119.44751000000001,34.94373,1083.0,2017-07-18,2018-01-09,175
1127,Roadrunner Fire,Tulare,"Road 268 & E. Teapot Dome Ave., 4 miles east of Porterville",-118.94252,36.0226,2289.0,2017-07-30,2018-01-09,163
1128,Minerva Fire,Plumas,"Forest Road 24N26, 3 miles southwest of Quincy (Plumas County)",-120.9761,39.9034,4310.0,2017-07-29,2018-01-09,164
1129,Latrobe Fire,Sacramento,"Off Latrobe Rd & Scott Rd, near Rancho Murieta",-121.104,38.5181,1268.0,2017-07-26,2018-01-09,167
1130,Garden Fire,Kern,"1/2 mile west of USFS Democrat Fire Station, Kern River Ranger District",-118.654,35.543,1350.0,2017-07-30,2018-01-09,163
1131,Chilcoot Fire,Plumas,"Chilcoot Ave, Chilcoot",-120.1397,39.75371,1020.0,2017-08-06,2018-01-09,156
1132,Ruth Complex,Trinity,"Dutchman Rd, east of Zenia",-123.36882,40.175979999999996,4736.0,2017-08-07,2018-01-09,155
1133,Blaine Fire,Riverside,Blaine Rd and Terrace Dr,-117.30819,33.98212,1500.0,2017-08-13,2018-01-09,149
1134,Empire Fire,Mariposa,1 Mile South of Bridalveil Campground in Yosemite,-119.618,37.644,8094.0,2017-08-01,2018-01-09,161
1135,South Fork Fire,Mariposa,"off Wawona Rd, east of Wawona",-119.598,37.538000000000004,7000.0,2017-08-14,2018-01-09,148
1136,Eclipse Complex,Siskiyou,"5 miles W of Happy Camp, CA",-123.47399999999999,41.841,78698.0,2017-08-15,2018-01-09,147
1137,Indian Fire,Tulare,North of Jordan Hot Springs,-118.296,36.257,2295.0,2017-08-02,2018-01-09,160
1138,Young Fire,Siskiyou,"Siskiyou Wilderness, Six Rivers NF",-123.676,41.853,3142.0,2017-08-07,2018-01-09,155
1139,Parker 2 Fire,Modoc,southwest of Cedarville,-120.321,41.466,7697.0,2017-08-03,2018-01-09,159
1140,Pier Fire,Tulare,"Highway 190, east of Springville",-118.74103000000001,36.15356,36556.0,2017-08-29,2018-01-09,133
1141,Ponderosa Fire,Butte,"Ponderosa way and Lumpkin road, 2 miles NW of Forbestown ",-121.30208999999999,39.577009999999994,4016.0,2017-08-29,2018-08-30,366
1142,Railroad Fire,Madera,"Highway 41, south of Fish Camp",-119.64622,37.44663,12407.0,2017-08-29,2018-01-09,133
1143,Mud Fire,Lassen,"Little Mud Flat, 18 miles northeast of Susanville ",-120.22215,40.43962,6042.0,2017-08-29,2018-01-09,133
1144,Slinkard Fire,Mono,"West of Hwy 395, north of Hwy 89, south of Topaz",-119.55425,38.655,8925.0,2017-08-29,2018-01-09,133
1145,Helena - Fork Fire,Trinity,"Hwy 299 near town of Helena, Junction City",-123.10003,40.76025,21846.0,2017-08-30,2018-01-09,132
1146,Summit Complex,Stanislaus,The Summit Complex consists of 3 fires burning on the Summit Ranger District of the Stanislaus National Forest.,-119.78200000000001,38.329,5247.0,2017-07-31,2018-01-09,162
1147,Creek Fire,Stanislaus,Bourland area of the Stanislaus National Forest ,-119.941,38.12,1749.0,2017-09-03,2018-01-09,128
1148,Caldwell Fire,Kern,"Kernville Rd. x Sierra Way, 6 miles north of Lake Isabella",-118.406,35.76,1319.0,2017-09-01,2018-01-09,130
1149,La Tuna Fire ,Los Angeles,"Lowell Ave and I-210, Verdugo Hills, Los Angeles City",-118.2674,34.22957,7194.0,2017-09-01,2018-01-09,130
1150,Mission Fire,Madera,"Mission Dr. and Italian Bar Rd., 2 miles east of North Fork",-119.48066999999999,37.216159999999995,1037.0,2017-09-03,2018-01-09,128
1151,Palmer Fire,Riverside,"San Timoteo Canyon Road / Fisherman's Retreat, Beaumont",-117.09983999999999,33.974709999999995,3800.0,2017-09-02,2018-01-09,129
1152,R-4 Fire,Lassen,23 miles east-southeast of Madeline,-119.93498999999998,40.69573,18618.0,2017-08-30,2018-01-09,132
1153,Eureka Fire,Plumas,McRae Meadows,-120.75485,39.75312,2575.0,2017-09-05,2018-01-09,126
1154,Miller Complex,Siskiyou,"17 miles east of Cave Junction, Oregon",-123.21799999999999,42.038999999999994,39715.0,2017-08-14,2018-01-09,148
1155,Buck Fire,Trinity,"Black Rock Mountain, North Portion of Yolla BollyWilderness",-123.03583,40.2275,13417.0,2017-09-12,2018-01-09,119
1156,Canyon Fire,Orange,"CA-91 and Cole Canyon, City of Anaheim",-117.68598,33.8668,2662.0,2017-09-25,2018-03-28,184
1157,Lion Fire,Tulare,Golden Trout Wilderness near Lion Meadow.,-118.48555,36.27138,18900.0,2017-09-27,2018-01-09,104
1158,Cherokee Fire,Butte,"off Cherokee Road and Zonalea Lane, Oroville ",-121.52966,39.624959999999994,8500.0,2017-10-08,2018-02-09,124
1159,Atlas Fire (Southern LNU Complex),"Napa, Solano","Off of Altas Peak Rd, south of Lake Berryessa",-122.24367,38.39206,51624.0,2017-10-09,2018-02-09,123
1160,Tubbs Fire (Central LNU Complex),"Napa, Sonoma","off of Hwy 128 and Bennett Ln, Calistoga",-122.62879,38.60895,36807.0,2017-10-08,2018-02-09,124
1161,Nuns / Adobe / Norrbom/ Pressley / Partrick Fires / Oakmont (Central LNU Complex),"Napa, Sonoma","Hwy 12, north of Glen Ellen",-122.5209,38.4041,44573.0,2017-10-09,2018-02-09,123
1162,Partrick Fire (Central LNU Complex),Napa,"off Partrick Rd, west of Napa",-122.39052,38.318020000000004,8283.0,2017-10-08,2018-01-09,93
1163,LaPorte Fire (Wind Complex),Butte,"La Porte Rd and Oro Bangor Hwy, Bangor",-121.40613,39.39455,6151.0,2017-10-09,2018-02-09,123
1164,Cascade Fire (Wind Complex),Yuba,"Cascade Way and Marysville Rd, north of Collins Lake ",-121.4021,39.321979999999996,9989.0,2017-10-08,2018-02-09,124
1165,Redwood Valley Fire (Mendocino Lake Complex),Mendocino,"North of Hwy 20, west of Mendocino National Forest, south of Black Bart",-123.16635,39.24873,36523.0,2017-10-08,2018-02-09,124
1166,37 Fire,Sonoma,Hwy 37 & Lakeville Highway,-122.47301000000002,38.14242,1660.0,2017-10-09,2018-01-09,92
1167,Sulphur Fire (Mendocino Lake Complex),Lake,"off Hwy 20 and Sulphur Bank Road, Clearlake Oaks",-122.64543,39.013870000000004,2207.0,2017-10-09,2018-02-09,123
1168,Canyon 2 Fire,Orange,"Off of East Santa Ana Canyon Rd, west of Gypsum Canyon",-117.70975,33.87041,9217.0,2017-10-09,2018-04-05,178
1169,Pocket Fire (Central LNU Complex),Sonoma,"off of Pocket Ranch Rd and Ridge Ranch Rd, Geyserville ",-122.90938999999999,38.76549,17357.0,2017-10-09,2018-02-09,123
1170,Buffalo Fire,San Diego,"Range 600, Case Springs Road, Camp Pendleton",-117.402445,33.402411,1088.0,2017-10-17,2018-01-09,84
1171,Rye Fire,Los Angeles,"along Rye Canyon Loop, west Valencia",-118.58188,34.45283,6049.0,2017-12-05,2018-01-18,44
1172,Creek Fire,Los Angeles,"Kagel Canyon Rd, north of Lake View terrace ",-118.35863,34.31283,15619.0,2017-12-05,2018-08-06,244
1173,Thomas Fire,"Santa Barbara, Ventura","Hwy 150 and Hwy 126, north of Santa Paula ",-119.09123999999998,34.415209999999995,281893.0,2017-12-04,2018-01-12,39
1174,Lilac Fire,San Diego,"Old Hwy 395 at Dulin Road, Bonsall",-117.163,33.3237,4088.0,2017-12-07,2018-01-09,33
1175,Pleasant Fire,Inyo,"Pleasant Valley Dam Road and Hwy 395, north of Bishop",-118.50235,37.40208,2070.0,2018-02-18,2019-01-03,319
1176,Patterson Fire,Riverside,"off Rawson Road and Royal Netherlands Road, south of Winchester",-117.05991999999999,33.62924,1261.0,2018-05-17,2019-01-04,232
1177,Nees Fire,Merced,Interstate 5 and W Nees Ave. south of Los Banos ,-120.77206000000001,36.85156,1756.0,2018-05-02,2019-01-04,247
1178,Moffat Fire,Inyo,"Highway 395 and Moffat Ranch Road, north of Lone Pine",-118.08448999999999,36.71537,1065.0,2018-04-19,2019-01-03,259
1179,Stone Fire,Los Angeles,"off Anthony Road and Hierba Road, North of Agua Dulce",-118.31138,34.5486,1352.0,2018-06-04,2019-01-04,214
1180,Airline Fire,San Benito,Coalinga and Airline Highway,-120.99322,36.40755,1314.0,2018-06-04,2019-01-04,214
1181,Apple Fire,Tehama,"Off Apple Rd & Paskenta Rd, west of Corning",-122.3571,39.94355,2956.0,2018-06-09,2019-01-04,209
1182,Chrome Fire,Glenn,"Hwy 162 and Forest Hwy 7, north of Elk Creek",-122.58218000000001,39.64978,2290.0,2018-06-09,2019-01-04,209
1183,Planada Fire,Merced,"off Doug Road and Bonner Road, north of the community of Planada",-120.34206999999999,37.393390000000004,4563.0,2018-06-15,2019-01-04,203
1184,Yankee Fire,San Luis Obispo,"E. Perimeter Rd, Yankee training area, Camp Roberts Military Reservation",-120.75593,35.736290000000004,1500.0,2018-06-20,2019-01-04,198
1185,Lane Fire,Tehama,Off Hwy 36 in Paynes Creek,-121.77866999999999,40.35068,3392.0,2018-06-23,2019-01-04,195
1186,Pawnee Fire,Lake,"Pawnee Rd & New Long Valley Rd, northeast of Clearlake Oaks ",-122.59848000000001,39.0674,15180.0,2018-06-23,2019-01-04,195
1187,Creek Fire,Shasta,"Clear Creek Rd & American Rd, west of Redding",-122.42308,40.50318,1678.0,2018-06-24,2019-01-04,194
1188,Waverly Fire,San Joaquin,"off North Waverly Road and North Shelton Road, east of Linden",-120.94548200000001,38.052054999999996,11789.0,2018-06-29,2019-01-04,189
1189,Lions Fire,Madera,near the Lion Point area in the Ansel Adams Wilderness,-119.118,37.571,4064.0,2018-06-11,2019-01-04,207
1190,County Fire,"Napa, Yolo",east of Lake Berryessa,-122.18183,38.80583,90000.0,2018-06-30,2019-01-04,188
1191,Klamathon Fire,Siskiyou,"off Klamathon Road and Copco Road, south of Hornbrook",-122.534655,41.893332,38008.0,2018-07-05,2019-01-04,183
1192,Valley Fire,San Bernardino,Valley of the Falls Dr & Service Road 1S08,-116.95880600000001,34.095568,1350.0,2018-07-06,2019-01-04,182
1193,Eagle Fire,Modoc,"County Rd 40/ County Rd1, South West of Eagleville",-120.11461000000001,41.29363,2100.0,2018-07-13,2019-01-04,175
1194,Ferguson Fire,Mariposa,"Highway 140 and Hite Cove, near El Portal",-119.88581,37.6549,96901.0,2018-07-13,2019-01-04,175
1195,Georges Fire,Inyo,"off Hogback and Whitney Portal Road, Alabama Hills",-118.21881,36.6734,2883.0,2018-07-08,2019-01-04,180
1196,Mill Creek 1 Fire,Humboldt,"Hwy 96 & Mill Creek Road, northeast of the Town of Hoopa",-123.688056,41.079440000000005,3674.0,2018-08-16,2019-01-04,141
1197,Carr Fire,"Shasta, Trinity","Hwy 299 and Carr Powerhouse Rd, Whiskeytown",-122.62357,40.65428,229651.0,2018-07-23,2018-08-30,38
1198,Tarina Fire,Kern,"Breckenridge Rd & Comanche Dr, east of Bakersfield",-118.83556000000002,35.37444,3156.0,2018-08-03,2019-01-04,154
1199,Ranch Fire (Mendocino Complex),"Colusa, Mendocino, Glenn, Lake","off Highway 20 near Potter Valley, northeast of Ukiah ",-123.10336699999999,39.243283,410203.0,2018-07-27,2019-01-04,161
1200,River Fire (Mendocino Complex),"Colusa, Lake, Mendocino","Old River Rd, near Mile Marker Post 7.9, Hopland ",-123.11971000000001,39.04786,48920.0,2018-07-27,2019-01-04,161
1201,Whaleback Fire,Lassen,"off Whaleback Mountain and Antelope Valley Road, West of Spaulding",-120.86809099999999,40.633536,18703.0,2018-07-27,2019-01-04,161
1202,Donnell Fire,Tuolumne,"Near Hwy 108, Donnell Lake area in the Carson Iceburg Wilderness",-119.929,38.349000000000004,36450.0,2018-08-01,2019-01-04,156
1203,Butte Fire,Sutter,"Pass Road and W Butte Road, 9 miles northwest of Yuba City ",-121.79288500000001,39.186144,1200.0,2018-07-31,2019-01-04,157
1204,Turkey Fire,Monterey,"near Highway 46 and Turkey Flats, near Parkfield",-120.343056,35.847778000000005,2225.0,2018-08-06,2019-01-04,151
1205,Holy Fire,Orange,"Holy Jim Canyon, west of N. Main Divide",-117.52055,33.698879999999996,23136.0,2018-08-06,2019-01-04,151
1206,Five Fire,Kings,"off Interstate 5 and Milham Rd, Kettleman Hills area",-119.98329,35.97896,2995.0,2018-08-06,2019-01-04,151
1207,Hirz Fire,Shasta,"off Gilman and Moore Creek Campground, east of Lakehead ",-122.219,40.896,46150.0,2018-08-09,2019-01-04,148
1208,Hat Fire,Shasta,"Hwy 299 east and Fish Hatchery rd, northeast of Burney ",-121.52225,40.99344,1900.0,2018-08-09,2019-01-04,148
1209,Snell Fire,Napa,"off Butts Canyon Rd and Snell Valley Rd, southeast of Middletown",-122.44468,38.69601,2490.0,2018-09-08,2019-01-04,118
1210,Nelson Fire,Solano,"Nelson Rd and Cherry Glen Rd, Vacaville",-122.043747,38.431278000000006,2162.0,2018-08-10,2019-01-04,147
1211,Stone Fire,Modoc,"Big Canyon, 10 miles SW of Canby",-121.04386000000001,41.38544,39387.0,2018-08-15,2019-01-04,142
1212,Front Fire,Santa Barbara,off Highway 166 and Sierra Madre Road,-120.09222220000001,35.11416667,1014.0,2018-08-19,2019-01-04,138
1213,Delta Fire,"Shasta, Trinity","I-5 and Lamoine, 2 miles NW of Lakehead ",-122.43,40.9425,63311.0,2018-09-05,2019-01-04,121
1214,North Fire,Placer,"North Fork Campground, south of Emigrant Gap",-120.65833300000001,39.268611,1120.0,2018-09-03,2019-01-04,123
1215,Kerlin Fire,Trinity,"Kerlin Creek, west of Hyampom",-123.52018999999999,40.616251,1751.0,2018-09-04,2019-01-04,122
1216,Boot Fire,Mono,"Hwy 395 & Hwy 108, Sonora Junction",-119.45186000000001,38.347395,6974.0,2018-09-04,2019-01-04,122
1217,Charlie Fire,Los Angeles,"Charlie Canyon Rd  and Tapia Canyon Rd, Castaic",-118.60858,34.48229,3380.0,2018-09-22,2019-01-04,104
1218,Sun Fire,Tehama,"Hwy 36 and Sunriver Road, east of Red Bluff",-122.18,40.22027778,3889.0,2018-10-07,2019-01-04,89
1219,Camp Fire,Butte,Pulga Road at Camp Creek Road near Jarbo Gap,-121.4347,39.8134,153336.0,2018-11-08,2018-11-25,17
1220,Nurse Fire,Solano,"off Highway 12 and Nurse Blue Road, Suisun City",-121.9424,38.21396,1500.0,2018-11-08,2019-01-04,57
1221,Hill Fire,Ventura,"Hill Canyon Rd and Santa Rosa Rd, Santa Rosa Valley",-118.93444,34.22685,4381.0,2018-11-08,2019-01-04,57
1222,Woolsey Fire,"Los Angeles, Ventura","E Street and Alfa Road Rd, South of Simi Valley",-118.70128000000001,34.235,96949.0,2018-11-08,2019-01-04,57
1223,Refuge Fire,Kern,"off Twisselmen Road, in the Kern National Wildlife Refuge,15 miles west of Delano",-119.62762,35.72057,2500.0,2019-05-07,2019-05-09,2
1224,Boulder Fire,San Luis Obispo,"off Highway 58 and Boulder Creek Road, California Valley",-119.91371699999999,35.343761,1075.0,2019-06-05,2019-06-11,6
1225,Sand Fire,Yolo,Guinda,-122.23921999999999,38.88978,2220.0,2019-06-08,2019-06-17,9
1226,West Butte Fire,Sutter,"North Butte Rd & West Butte Rd, northeast of Colusa",-121.85906000000001,39.28926,1350.0,2019-06-08,2019-06-17,9
1227,McMillan Fire,San Luis Obispo,"Highway 46 East and McMillan Canyon Road, North of Shandon",-120.41128,35.66318,1763.0,2019-06-12,2019-06-24,12
1228,Rock Fire,Stanislaus,"Del Puerto Canyon Rd, east of Patterson  ",-121.28312,37.46577,2420.0,2019-06-25,2019-06-27,2
1229,Lonoak Fire,Monterey,"Lonoak Rd & Airline Hwy, East of King City  ",-120.94771000000001,36.284259999999996,2546.0,2019-06-25,2019-06-26,1
1230,Gillis Fire,San Luis Obispo,Gillis Canyon and South East of Shandon,-120.26916659999999,35.631111100000005,1010.0,2019-07-08,2019-07-09,1
1231,Jasper Fire,State of Nevada,"Chimney Rd and Barrel Springs Rd, 2 miles North of Sun Valley Nevada",-119.76988100000001,39.631945,1165.0,2019-07-13,2019-07-16,3
1232,Tucker Fire,Modoc,"Hwy 139 and Tucker Butte Rd, 6 miles SW of Clear Lake Reservoir",-121.260305,41.79591,14217.0,2019-07-28,2019-08-11,14
1233,W1 McDonald Fire,Lassen,"Cold Springs Rd and McDonald Peak, 11 miles southeast of Madeline",-120.27529799999999,40.943799,1020.0,2019-08-08,2019-08-11,3
1234,Ward Fire,State of Oregon,"Highway 66 and Ward Rd, 13 miles west of Keno, Oregon",-122.175,42.033,1301.0,2019-08-09,2019-08-18,9
1235,Border 8 Fire,Mexico,"City of Tecate, southeast of San Diego ",-116.65873500000001,32.573437,1507.0,2019-08-16,2019-08-17,1
1236,Long Valley Fire ,Lassen,"Off Highway 395 and Red Rock Road, North of Hallelujah Junction",-120.02972199999999,39.892222,2438.0,2019-08-24,2019-08-27,3
1237,R-1 Fire,Lassen,"Hagata Canyon, east of Eagle Lake",-120.581,40.593,3380.0,2019-08-28,2019-09-04,7
1238,Tenaja,Riverside,"Tenaja Road and Clinton Keith Road, in La Cresta",-117.27315700000001,33.528469,1926.0,2019-09-04,2019-09-14,10
1239,Red Bank Fire,Tehama,"Off Hammer Loop Road and Petty John Road, West of Red Bluff ",-122.64,40.12,8836.0,2019-09-05,2019-09-13,8
1240,South Fire,Tehama,"Southeast aspect of Tomhead Mountain, South of Platina",-122.789,40.109,5332.0,2019-09-05,2019-12-02,88
1241,Lone Fire,Modoc,"Pinnacle Lake, Doublehead Ranger district, Modoc National Forest",-121.056,41.748000000000005,5737.0,2019-09-06,2019-09-13,7
1242,Cow Fire,Inyo,"Golden Trout Wilderness, Inyo National Forest",-118.228,36.284,1975.0,2019-09-06,2019-11-21,76
1243,Taboose Fire,Inyo,south west of Big Pine and north west of Aberdeen,-118.345,37.034,10296.0,2019-09-06,2019-11-21,76
1244,Saddle Ridge Fire,Los Angeles,"Saddle Ridge Rd, Sylmar",-118.48161,34.329879999999996,8799.0,2019-10-10,2019-10-31,21
1245,Kincade Fire,Sonoma,"John Kincade Road and Burned Mountain Road, northeast of Geyserville",-122.78005300000001,38.792458,77758.0,2019-10-23,2019-11-06,14
1246,Easy Fire,Ventura,"West Easy Street and West Los Angeles Avenue, Simi Valley",-118.803389,34.282179,2375.0,2019-10-30,2019-11-02,3
1247,Maria Fire ,Ventura,"off of Bradley Road and Solano Verde Dr, Top of South Mt, Santa Paula",-118.997115,34.302212,9999.0,2019-10-31,2019-11-06,6
1248,Ranch Fire,Tehama,"Colyer Springs Rd and Raglin Ridge Rd, southwest of Red Bluff",-122.637837,40.036379,2534.0,2019-11-03,2019-11-14,11
1249,Cave Fire,Santa Barbara,Highway 154 and E Camino Cielo near Painted Cave in the Los Padres National Forest,-119.785,34.5025,3126.0,2019-11-25,2019-12-14,19
1250,Interstate 5 Fire,Kings,"Interstate 5 & Avenal Cutoff, south of Fresno County line",-120.106407,36.075003,2060.0,2020-05-03,2020-05-03,0
1251,Range Fire,San Luis Obispo,Range M22 Camp Roberts Military Reserve,-120.70523999999999,35.34237,5000.0,2020-05-27,2020-05-28,1
1252,Quail Fire,Solano,"Quail Canyon Road and Pleasants Valley Road, Southwest of Winters",-122.03820800000001,38.470809,1837.0,2020-06-06,2020-06-10,4
1253,India Fire,San Diego,"Roblar Rd and Basilone Rd, Camp Pendleton Marine Corps Base",-117.47166000000001,33.37579,1100.0,2020-06-09,2020-06-12,3
1254,Soda Fire,San Luis Obispo,"Hwy 58 and Soda Lake Rd, California Valley",-120.00521,35.351459999999996,1680.0,2020-06-10,2020-06-11,1
1255,Grant Fire,Sacramento,Grantline Road and Keifer Blvd,-121.201927,38.520981,5042.0,2020-06-12,2020-06-17,5
1256,Walker Fire,Calaveras,"Walker Trail Road and Hogan Dam Road, North of Copperopolis",-120.72958,38.07741,1455.0,2020-06-16,2020-06-20,4
1257,Grade Fire ,Tulare,"Boyd Dr and Rd 168, east of Orosi",-119.19677,36.5537,1050.0,2020-06-22,2020-06-26,4
1258,Poeville Fire,State of Nevada,Highway 395 Truckee Meadows ,-119.81098,39.325959999999995,2975.0,2020-06-27,2020-07-06,9
1259,Pass Fire,Merced,"Hwy 152 and Dinosaur Point Rd, near Santa Nella",-121.21911999999999,37.06641,2192.0,2020-06-28,2020-07-03,5
1260,Bena Fire,Kern,"Bena Road and Caliente Bodfish Road, East of Bakersfield",-118.70273200000001,35.310132,4000.0,2020-07-01,2020-07-03,2
1261,Crews Fire,Santa Clara,"Crews Road and Oak Spring Circle, North of Gilroy",-121.50153200000001,37.034839,5513.0,2020-07-05,2020-07-13,8
1262,Soledad Fire,Los Angeles,"Soledad Canyon Road and Agua Dulce Canyon Rd, South of Agua Dulce ",-118.328877,34.467915000000005,1525.0,2020-07-05,2020-07-10,5
1263,Mineral Fire,Fresno,"Hwy 198 and S Coalinga Mineral Springs Rd, west of Coalinga",-120.52193,36.09493,29667.0,2020-07-13,2020-07-26,13
1264,Coyote Fire,San Benito,"Panoche Road and Coyote Creek, West of Panoche",-121.04401000000001,36.653,1485.0,2020-07-15,2020-07-18,3
1265,Hog Fire,Lassen," Hog Flat Reservoir, West of Susanville",-120.86375,40.420885999999996,9564.0,2020-07-18,2020-08-17,30
1266,Gold Fire,Lassen,"Highway 139 and County Road A-2, South of Adin",-120.92329299999999,41.11037,22614.0,2020-07-20,2020-08-12,23
1267,July Complex,"Siskiyou, Modoc","Caldwell Trail and Hill Road, Northwest of Tionesta",-121.477,41.699,83261.0,2020-07-24,2020-08-20,27
1268,Branch Fire,San Luis Obispo,"Hwy 58 and Soda Lake Rd, California Valley",-120.00521,35.351459999999996,3222.0,2020-07-28,2020-08-01,4
1269,Pond Fire,San Luis Obispo,"Kata Creek Road and Oak Creek Place, East of Santa Margarita",-120.47346,35.43128,2005.0,2020-08-01,2020-08-09,8
1270,North Fire,Lassen,"Highway 395 and Highway 70, east of Chilcoot in Lassen County, ",-120.44811000000001,40.36764,6882.0,2020-08-02,2020-08-10,8
1271,Stagecoach Fire,Kern,Stagecoach Drive and Piute Meadow Road South of Lake Isabella in Kern County. ,-118.53361000000001,35.430440000000004,7760.0,2020-08-03,2020-08-18,15
1272,Lake Fire,Los Angeles,"Lake Hughes Rd and Prospect Rd, southwest Lake Hughes ",-118.45200000000001,34.679,31089.0,2020-08-12,2020-09-28,47
1273,Ranch 2 Fire,Los Angeles,"North San Gabriel Canyon Rd and Ranch Rd, San Gabriel Canyon",-117.910498,34.160265,4237.0,2020-08-13,2020-10-05,53
1274,Loyalton Fire,Sierra,Mount Ina Coolbrith East of Loyalton in Sierra County. ,-120.143473,39.702438,47029.0,2020-08-14,2020-08-26,12
1275,August Complex (includes Doe Fire),"Mendocino, Humboldt, Trinity, Tehama, Glenn, Lake, Colusa"," Mendocino, Humboldt, Trinity, Tehama, Glenn, Lake, & Colusa ",-122.67299999999999,39.775999999999996,1032648.0,2020-08-16,2020-11-11,87
1276,CZU Lightning Complex (Including Warnella Fire) ,"Santa Cruz, San Mateo",Various locations across San Mateo and Santa Cruz Counties,-122.22275,37.171620000000004,86509.0,2020-08-16,2020-09-22,37
1277,SCU Lightning Complex,"Santa Clara, San Joaquin, Contra Costa, Alameda, Stanislaus","Multiple locations throughout Santa Clara County, Alameda County, Contra Costa County, San Joaquin County, Merced and Stanislaus County",-121.30435,37.439437,396624.0,2020-08-16,2020-10-01,46
1278,LNU Lightning Complex,"Napa, Solano, Lake, Sonoma, Yolo",See details below,-122.14863999999999,38.48193,363220.0,2020-08-17,2020-10-02,46
1279,Butte/Tehama/Glenn Lightning Complex (Tehama/Glenn Zone) ,"Tehama, Glenn",Southwest of Red Bank Rd,-122.4393,40.09571,19609.0,2020-08-17,2020-10-09,53
1280,Moc Fire,Tuolumne,"Hwy 49 and Hwy 120, Moccasin",-120.31256499999999,37.813779,2857.0,2020-08-20,2020-08-30,10
1281,Sheep Fire ,Plumas,"Gold Run Road, Southwest of Susanville in Plumas County. ",-120.757,40.274,29570.0,2020-08-22,2020-09-09,18
1282,Woodward Fire,Marin,"Woodward Valley Trail, East of Olema",-122.836701,38.018089,4929.0,2020-08-18,2020-10-02,45
1283,El Dorado Fire,"San Bernardino, Riverside","Oak Glen Rd Road and Potato Canyon Road, West of Oak Glen",-116.98669,34.08056,22744.0,2020-09-05,2020-11-16,72
1284,Valley Fire,San Diego,"Japatul Road and  Carveacre Road, Southeast of Alpine",-116.692705,32.765615000000004,16390.0,2020-09-05,2020-09-24,19
1285,Oak Fire,Mendocino,"West of Highway 101--Big John Road & Skyview Road, Brooktrails Township, Willits",-123.3965,39.4935,1100.0,2020-09-07,2020-09-14,7
1286,Willow Fire,Yuba,"Neptune Lane and Willow Glen Road, North of Smartville ",-121.32361000000002,39.3637,1311.0,2020-09-09,2020-09-14,5
1287,Bullfrog Fire,Fresno,"Dinkey Lakes and Nelson Lake, SE of Bullfrog Lake",-119.027309,37.135474,1185.0,2020-09-12,2020-11-09,58
1288,Fox Fire,Siskiyou,"Fox Creek, Southwest of Callahan ",-122.84735900000001,41.211022,2188.0,2020-09-16,2020-09-30,14
1289,Glass Fire,"Napa, Sonoma",North Fork Crystal Springs Rd & Crystal Springs Rd,-122.49745,38.56295,67484.0,2020-09-27,2020-10-20,23
1290,Zogg Fire,"Shasta, Tehama","Zogg Mine Road and Jenny Bird Lane, North of Igo",-122.56656000000001,40.53927,56338.0,2020-09-27,2020-10-13,16
1291,Silverado Fire ,Orange,Off the 241 in the Irvine area ,-117.65718999999999,33.73614,12466.0,2020-10-26,2020-11-07,12
1292,Blue Ridge Fire ,Orange,North of the 91 in the Yorba Linda and Chino Hills area in Orange and San Bernardino Counties,-117.675067,33.877257,13964.0,2020-10-26,2020-11-07,12
1293,Airport Fire,Riverside,Butterfield Dr and Aviation Dr,-117.62109,33.893351,1087.0,2020-12-01,2020-12-12,11
1294,Bond Fire,Orange,Silverado Canyon,-117.674967,33.743842,6686.0,2020-12-02,2020-12-10,8
1295,Sanderson Fire,Riverside,La Borde Canyon Rd and Jack Rabbit Trail,-117.03459,33.93244,1954.0,2020-12-13,2020-12-14,1
1296,Southern Fire,San Diego,"14000 Blk Great Southern Overland , Agua Caliente in San Diego County.",-116.44339099999999,32.987532,5366.0,2021-05-02,2021-05-06,4
1297,Palisades Fire,Los Angeles,"Palisades Court and Michael Lane, Topanga Canyon",-118.55893799999998,34.079046000000005,1202.0,2021-05-14,2021-05-26,12
1298,Sierra Fire,San Diego,"Basilone Road and Stagecoach Road, West of Camp Pendleton North",-117.34832279999999,33.31571157,1000.0,2021-06-09,2021-06-11,2
1299,Nettle Fire,Tulare,"Indian Service Rd BIA 70 and Bond Creek , east of Porterville",-118.76857,36.03887,1265.0,2021-06-18,2021-07-01,13
1300,Willow Fire,Monterey,"Willow Creek and Marble Peak Trail, Southeast of Big Sur",-121.558858,36.151231,2877.0,2021-06-18,2021-07-11,23
1301,Lava Fire,Siskiyou,Hotlum Rd and Lumm Rd,-122.329,41.458999999999996,26409.0,2021-06-24,2021-09-03,71
1302,Shell Fire,Kern,Interstate 5 and Grapevine Rd,-118.891,34.919000000000004,1984.0,2021-06-27,2021-06-30,3
1303,Tennant Fire,Siskiyou,"Tennant Road and Pengrass Road, South of Mount Hebron",-122.054254,41.665191,10580.0,2021-06-28,2021-07-15,17
1304,Salt Fire,Shasta,"Gilman Rd and Coal Creek Rd, north of Shasta Lake City",-122.348956,40.860525,12660.0,2021-06-30,2021-07-19,19
1305,Beckwourth Complex,Plumas,northeast of Beckwourth,-120.3415,39.832029999999996,105670.0,2021-07-04,2021-09-22,80
1306,Juniper Fire,Modoc,"South Mountain Reservoir and South Mountain Spur, west of Goose Lake",-120.63846399999998,41.80728,1011.0,2021-07-05,2021-07-15,10
1307,River Fire,Mariposa,Oak Grove Road and Oak Grove School Road,-119.86978500000001,37.350823,9656.0,2021-07-11,2021-07-19,8
1308,Dexter Fire,Mono,"Wickie Up Rd and Pilot Springs Rd, northeast of Mammoth Lakes",-118.8745,37.8024,2965.0,2021-07-12,2021-07-30,18
1309,Dixie Fire,"Butte, Plumas, Shasta, Lassen, Tehama","Above the Cresta Dam, Feather River Canyon",-121.389439,39.871306,963309.0,2021-07-13,2021-10-25,104
1310,Henry Fire,Alpine,"East of Lake Alpine, Carson-Iceberg Wilderness",-119.75125459999998,38.450469500000004,1320.0,2021-06-25,2021-07-30,35
1311,Tamarack Fire,Alpine,"Pleasant Valley, Southwest of Markleeville",-119.8591887,38.6280042,68637.0,2021-07-04,2021-10-25,113
1312,Peak Fire,Kern,"Walker Basin Road and Piute Mountain Road, South of Lake Isabella",-118.46461000000001,35.41153,2098.0,2021-07-20,2021-08-13,24
1313,McFarland Fire,"Shasta, Trinity, Tehama","McFarland Ridge and Baker Flat, west of Platina",-123.03399999999999,40.35,122653.0,2021-07-30,2021-09-16,48
1314,Antelope Fire,Siskiyou,"Antelope Creek and Forest Road 41N28, south of Tennant",-121.91549340000002,41.5289901,145632.0,2021-08-01,2021-10-15,75
1315,Monument Fire,Trinity,"Del Loma, CA near Monument Peak",-123.337,40.751999999999995,223124.0,2021-07-30,2021-10-26,88
1316,River Complex,"Siskiyou, Trinity","Scott Salmon Ranger District, west of Callahan",-123.057,41.388999999999996,199359.0,2021-07-30,2021-10-26,88
1317,River Fire,"Nevada, Placer","Milk Ranch Road and Bear River Campground Road, north of Applegate",-121.01468,39.08805,2619.0,2021-08-04,2021-08-13,9
1318,Caldor Fire,"El Dorado, Alpine, Amador","East of Omo Ranch, South of the community of Grizzly Flats",-120.537833,38.586,221835.0,2021-08-14,2021-10-21,68
1319,Walkers Fire,Tulare,"North of Alpine Creek, northeast of Springville",-118.555,36.268,8777.0,2021-08-16,2021-09-17,32
1320,McCash Fire,Siskiyou,Ten Bear Mtn McCash Creek,-123.404,41.56399999999999,94962.0,2021-08-18,2021-11-02,76
1321,Chaparral Fire,"Riverside, San Diego",Cleveland Forest Road and Tenaja Road southwest of Murrieta in San Diego County.,-117.39308999999999,33.484721,1427.0,2021-08-28,2021-09-01,4
1322,Knob Fire,Humboldt,"Friday Spur Rd & China Creek, south of Willow Creek",-123.6744,40.8652,2421.0,2021-08-29,2021-09-13,15
1323,Fawn Fire,Shasta,"Fawndale Rd and Radcliff Rd, 5 miles northeast of Shasta Lake",-122.32024299999999,40.729811,8578.0,2021-09-22,2021-10-02,10
1324,Alisal Fire,Santa Barbara,Northwest of Refugio Canyon near Hwy 101 along the Gaviota Coast,-120.13600000000001,34.553000000000004,16970.0,2021-10-11,2021-11-20,40
1325,Airport Fire,Inyo,"Airport Road and East Line Street, east of Bishop ",-118.37181299999999,37.369355,4136.0,2022-02-16,2022-02-26,10
1326,Lost Lake Fire ,Riverside,"Hwy 95 and Lost Lake, Community of Lost Lake in Riverside County",-114.484173,34.010838,5856.0,2022-05-26,2022-06-08,13
1327,Thunder Fire ,Kern,"Edmonston Pump Plant Rd East of Interstate 5, South of Bakersfield",-118.88944599999999,34.936618,2500.0,2022-06-22,2022-06-27,5
1328,Washburn Fire,Mariposa,"Hwy 41 and Mariposa Grove Road, Fish Camp in Mariposa County",-119.61399999999999,37.499,4886.0,2022-07-07,2022-08-04,28
1329,Route Fire,Los Angeles,"I5 and Lake Hughes Road, near Castaic ",-118.6479,34.5255,5208.0,2022-08-31,2022-09-06,6
1330,Mill Fire,Siskiyou,"Woodridge Court and Woodridge Way, City of Weed",-122.3852,41.4303,3935.0,2022-09-02,2022-09-13,11
1331,Radford Fire,San Bernardino,North of Highway 38 in the Barton Flats Area,-116.882,34.177,1079.0,2022-09-06,2022-10-07,31
1332,Mosquito Fire,"El Dorado, Placer","Mosquito Road and OxBow Reservoir east of Foresthill, Placer County ",-120.7447,39.00591,76788.0,2022-09-06,2022-10-27,51
1333,Barnes Fire,Modoc,"Buck Creek Road and Buck Creek Overlook Road, north of Davis Creek in Modoc County",-120.29122,41.87117,5843.0,2022-09-07,2022-10-13,36
